{
    "version": "5.2.1",
    "flags": {},
    "shapes": [
        {
            "label": "standing",
            "points": [
                [
                    223.66293334960938,
                    81.76760864257812
                ],
                [
                    289.3276672363281,
                    228.62872314453125
                ]
            ],
            "group_id": null,
            "description": "",
            "shape_type": "rectangle",
            "flags": {}
        }
    ],
    "imagePath": "000007.png",
    "imageData": null,
    "imageHeight": 345,
    "imageWidth": 640
}