{
    "version": "5.2.1",
    "flags": {},
    "shapes": [
        {
            "label": "sitting",
            "points": [
                [
                    169.8182239067264,
                    85.08776948510146
                ],
                [
                    255.52412600633576,
                    201.18743226586318
                ]
            ],
            "group_id": null,
            "description": "",
            "shape_type": "rectangle",
            "flags": {}
        }
    ],
    "imagePath": "000022.png",
    "imageData": null,
    "imageHeight": 345,
    "imageWidth": 640
}