{
    "version": "5.2.1",
    "flags": {},
    "shapes": [
        {
            "label": "throwing",
            "points": [
                [
                    96.42233276367188,
                    201.58029174804688
                ],
                [
                    192.34237670898438,
                    292.56915283203125
                ]
            ],
            "group_id": null,
            "description": "",
            "shape_type": "rectangle",
            "flags": {}
        },
        {
            "label": "standing",
            "points": [
                [
                    444.49017333984375,
                    213.09951782226562
                ],
                [
                    490.41632080078125,
                    309.3974304199219
                ]
            ],
            "group_id": null,
            "description": "",
            "shape_type": "rectangle",
            "flags": {}
        },
        {
            "label": "standing",
            "points": [
                [
                    301.64727783203125,
                    224.3922576904297
                ],
                [
                    355.46221923828125,
                    317.97088623046875
                ]
            ],
            "group_id": null,
            "description": "",
            "shape_type": "rectangle",
            "flags": {}
        },
        {
            "label": "standing",
            "points": [
                [
                    25.491777420043945,
                    91.15025329589844
                ],
                [
                    63.94952392578125,
                    163.71055603027344
                ]
            ],
            "group_id": null,
            "description": "",
            "shape_type": "rectangle",
            "flags": {}
        },
        {
            "label": "standing",
            "points": [
                [
                    297.13262939453125,
                    65.05482482910156
                ],
                [
                    318.69488525390625,
                    118.8448486328125
                ]
            ],
            "group_id": null,
            "description": "",
            "shape_type": "rectangle",
            "flags": {}
        },
        {
            "label": "sitting",
            "points": [
                [
                    390.46270751953125,
                    144.7538299560547
                ],
                [
                    417.75518798828125,
                    181.4925079345703
                ]
            ],
            "group_id": null,
            "description": "",
            "shape_type": "rectangle",
            "flags": {}
        }
    ],
    "imagePath": "000085.png",
    "imageData": null,
    "imageHeight": 345,
    "imageWidth": 640
}