{
    "version": "5.2.1",
    "flags": {},
    "shapes": [
        {
            "label": "lying",
            "points": [
                [
                    372.2886962890625,
                    170.77719116210938
                ],
                [
                    480.294189453125,
                    257.1002197265625
                ]
            ],
            "group_id": null,
            "description": "",
            "shape_type": "rectangle",
            "flags": {}
        },
        {
            "label": "standing",
            "points": [
                [
                    277.6734619140625,
                    180.46673583984375
                ],
                [
                    319.73516845703125,
                    258.211669921875
                ]
            ],
            "group_id": null,
            "description": "",
            "shape_type": "rectangle",
            "flags": {}
        }
    ],
    "imagePath": "000139.png",
    "imageData": null,
    "imageHeight": 345,
    "imageWidth": 640
}