{
    "version": "5.2.1",
    "flags": {},
    "shapes": [
        {
            "label": "standing",
            "points": [
                [
                    0.08686447143554688,
                    210.46163940429688
                ],
                [
                    45.73102951049805,
                    314.4892883300781
                ]
            ],
            "group_id": null,
            "description": "",
            "shape_type": "rectangle",
            "flags": {}
        },
        {
            "label": "standing",
            "points": [
                [
                    368.57965087890625,
                    222.072021484375
                ],
                [
                    409.7032470703125,
                    322.6932373046875
                ]
            ],
            "group_id": null,
            "description": "",
            "shape_type": "rectangle",
            "flags": {}
        },
        {
            "label": "throwing",
            "points": [
                [
                    20.588783264160156,
                    119.95880126953125
                ],
                [
                    75.16194152832031,
                    200.86264038085938
                ]
            ],
            "group_id": null,
            "description": "",
            "shape_type": "rectangle",
            "flags": {}
        },
        {
            "label": "throwing",
            "points": [
                [
                    328.8811950683594,
                    93.4705810546875
                ],
                [
                    358.1424865722656,
                    152.19259643554688
                ]
            ],
            "group_id": null,
            "description": "",
            "shape_type": "rectangle",
            "flags": {}
        },
        {
            "label": "standing",
            "points": [
                [
                    73.32528686523438,
                    59.69880294799805
                ],
                [
                    95.90072631835938,
                    123.34251403808594
                ]
            ],
            "group_id": null,
            "description": "",
            "shape_type": "rectangle",
            "flags": {}
        },
        {
            "label": "standing",
            "points": [
                [
                    348.62799072265625,
                    144.37152099609375
                ],
                [
                    384.67083740234375,
                    220.429443359375
                ]
            ],
            "group_id": null,
            "description": "",
            "shape_type": "rectangle",
            "flags": {}
        }
    ],
    "imagePath": "000116.png",
    "imageData": null,
    "imageHeight": 345,
    "imageWidth": 640
}