{
    "version": "5.8.1",
    "flags": {},
    "shapes": [
        {
            "label": "sitting",
            "points": [
                [
                    314.59832763671875,
                    95.45341491699219
                ],
                [
                    339.90264892578125,
                    134.22549438476562
                ]
            ],
            "group_id": null,
            "description": "",
            "shape_type": "rectangle",
            "flags": {},
            "mask": null
        },
        {
            "label": "sitting",
            "points": [
                [
                    233.78973388671875,
                    87.854736328125
                ],
                [
                    254.80865478515625,
                    126.51242065429688
                ]
            ],
            "group_id": null,
            "description": "",
            "shape_type": "rectangle",
            "flags": {},
            "mask": null
        },
        {
            "label": "sitting",
            "points": [
                [
                    365.33392333984375,
                    218.25177001953125
                ],
                [
                    387.03558349609375,
                    244.71298217773438
                ]
            ],
            "group_id": null,
            "description": "",
            "shape_type": "rectangle",
            "flags": {},
            "mask": null
        },
        {
            "label": "sitting",
            "points": [
                [
                    417.92303466796875,
                    122.45003509521484
                ],
                [
                    444.71929931640625,
                    156.54983520507812
                ]
            ],
            "group_id": null,
            "description": "",
            "shape_type": "rectangle",
            "flags": {},
            "mask": null
        },
        {
            "label": "sitting",
            "points": [
                [
                    326.8723848783053,
                    171.19294649011948
                ],
                [
                    354.841628959276,
                    206.4366515837104
                ]
            ],
            "group_id": null,
            "description": "",
            "shape_type": "rectangle",
            "flags": {},
            "mask": null
        }
    ],
    "imagePath": "000195.png",
    "imageData": null,
    "imageHeight": 345,
    "imageWidth": 640
}