{
    "version": "5.2.1",
    "flags": {},
    "shapes": [
        {
            "label": "lying",
            "points": [
                [
                    439.3457336425781,
                    26.47232437133789
                ],
                [
                    639.3037109375,
                    151.75692749023438
                ]
            ],
            "group_id": null,
            "description": "",
            "shape_type": "rectangle",
            "flags": {}
        },
        {
            "label": "lying",
            "points": [
                [
                    4.23126220703125,
                    228.67141723632812
                ],
                [
                    283.06640625,
                    330.1205749511719
                ]
            ],
            "group_id": null,
            "description": "",
            "shape_type": "rectangle",
            "flags": {}
        },
        {
            "label": "standing",
            "points": [
                [
                    411.842041015625,
                    198.20068359375
                ],
                [
                    555.026611328125,
                    339.40789794921875
                ]
            ],
            "group_id": null,
            "description": "",
            "shape_type": "rectangle",
            "flags": {}
        }
    ],
    "imagePath": "000290.png",
    "imageData": null,
    "imageHeight": 345,
    "imageWidth": 640
}