{
    "version": "5.2.1",
    "flags": {},
    "shapes": [
        {
            "label": "lying",
            "points": [
                [
                    214.3313751220703,
                    207.01861572265625
                ],
                [
                    415.82794189453125,
                    284.0315856933594
                ]
            ],
            "group_id": null,
            "description": "",
            "shape_type": "rectangle",
            "flags": {}
        }
    ],
    "imagePath": "000295.png",
    "imageData": null,
    "imageHeight": 345,
    "imageWidth": 640
}