{
    "version": "5.2.1",
    "flags": {},
    "shapes": [
        {
            "label": "lying",
            "points": [
                [
                    251.31365966796875,
                    169.42697143554688
                ],
                [
                    430.847412109375,
                    238.00491333007812
                ]
            ],
            "group_id": null,
            "description": "",
            "shape_type": "rectangle",
            "flags": {}
        }
    ],
    "imagePath": "000293.png",
    "imageData": null,
    "imageHeight": 345,
    "imageWidth": 640
}