{
    "version": "5.2.1",
    "flags": {},
    "shapes": [
        {
            "label": "lying",
            "points": [
                [
                    453.8583984375,
                    42.67591857910156
                ],
                [
                    639.763427734375,
                    155.66763305664062
                ]
            ],
            "group_id": null,
            "description": "",
            "shape_type": "rectangle",
            "flags": {}
        },
        {
            "label": "standing",
            "points": [
                [
                    411.29541015625,
                    191.845458984375
                ],
                [
                    559.3331298828125,
                    341.47003173828125
                ]
            ],
            "group_id": null,
            "description": "",
            "shape_type": "rectangle",
            "flags": {}
        },
        {
            "label": "lying",
            "points": [
                [
                    10.6480712890625,
                    230.25634765625
                ],
                [
                    284.83154296875,
                    331.58563232421875
                ]
            ],
            "group_id": null,
            "description": "",
            "shape_type": "rectangle",
            "flags": {}
        }
    ],
    "imagePath": "000288.png",
    "imageData": null,
    "imageHeight": 345,
    "imageWidth": 640
}