{
    "version": "5.2.1",
    "flags": {},
    "shapes": [
        {
            "label": "sitting",
            "points": [
                [
                    240.42755126953125,
                    267.3492431640625
                ],
                [
                    282.64569091796875,
                    327.0927734375
                ]
            ],
            "group_id": null,
            "description": "",
            "shape_type": "rectangle",
            "flags": {}
        },
        {
            "label": "throwing",
            "points": [
                [
                    348.34942626953125,
                    146.38442993164062
                ],
                [
                    382.29705810546875,
                    236.48025512695312
                ]
            ],
            "group_id": null,
            "description": "",
            "shape_type": "rectangle",
            "flags": {}
        },
        {
            "label": "standing",
            "points": [
                [
                    430.5245361328125,
                    162.91307067871094
                ],
                [
                    457.6075439453125,
                    242.2229461669922
                ]
            ],
            "group_id": null,
            "description": "",
            "shape_type": "rectangle",
            "flags": {}
        },
        {
            "label": "standing",
            "points": [
                [
                    221.7727813720703,
                    85.16645812988281
                ],
                [
                    249.2018585205078,
                    152.36630249023438
                ]
            ],
            "group_id": null,
            "description": "",
            "shape_type": "rectangle",
            "flags": {}
        }
    ],
    "imagePath": "000237.png",
    "imageData": null,
    "imageHeight": 345,
    "imageWidth": 640
}