{
    "version": "5.2.1",
    "flags": {},
    "shapes": [
        {
            "label": "sitting",
            "points": [
                [
                    109.91901397705078,
                    95.56179809570312
                ],
                [
                    226.5830078125,
                    258.19036865234375
                ]
            ],
            "group_id": null,
            "description": "",
            "shape_type": "rectangle",
            "flags": {}
        }
    ],
    "imagePath": "000264.png",
    "imageData": null,
    "imageHeight": 345,
    "imageWidth": 640
}